INSERT INTO contact VALUES(1,'Habibi Rafiyq','','',1749260889272,1749260889272,0);
INSERT INTO contact VALUES(2,'Mavlon','','',1749262815502,1749262815502,0);
INSERT INTO contact VALUES(3,'Dadam','','',1749262852357,1749262852357,0);
INSERT INTO contact VALUES(4,'Muhammadsodiq Qurbonov','','',1749263640171,1749263640171,0);
INSERT INTO contact VALUES(5,'Xumoyun','','',1749311442096,1749311442096,0);
INSERT INTO contact VALUES(6,'Muxtorov G''ayrat','','',1749532321869,1749532321869,0);
INSERT INTO contact VALUES(7,'Дониёр','','',1749655883941,1749655883941,0);
INSERT INTO contact VALUES(8,'Ayam','','',1749951678841,1749951678841,0);
INSERT INTO contact VALUES(9,'Diyorbek Abdumutalov','','',1749965676368,1749965676368,0);
INSERT INTO contact VALUES(10,'Sardor Boboyev','','',1749965810903,1749965810903,0);
INSERT INTO contact VALUES(11,'Abdulboqi Mirzamahmudov','','',1749965835656,1749965835656,0);
INSERT INTO contact VALUES(12,'Asilbek Ukaxon','','',1750314708696,1750314708696,0);
INSERT INTO contact VALUES(13,'Kichik daholar','','',1750438667559,1750438667559,0);
INSERT INTO contact VALUES(14,'UniversalDecor','','',1751272376774,1751272376774,0);
INSERT INTO contact VALUES(15,'UniversalDecor','','',1751272405216,1751272405216,0);
INSERT INTO contact VALUES(16,'Shaxzod Xusanov','','',1751886403987,1751886403987,0);
INSERT INTO contact VALUES(17,'Olimjon aka','','',1752485516613,1752485516613,0);
INSERT INTO contact VALUES(18,'Warner','galindowarner63@gmail.com','2136719360',1753551197086,1753551197086,0);
INSERT INTO contact VALUES(19,'Farline','','',1754025293893,1754025293893,0);
INSERT INTO contact VALUES(20,'Akbarshox','','',1754127046282,1754127046282,0);
INSERT INTO contact VALUES(21,'Shadiyar Kursdosh','','',1755843843895,1755843843895,0);
INSERT INTO contact VALUES(22,'Abdulmalik','','',1756196045083,1756196045083,0);
INSERT INTO contact VALUES(23,'Sarvar aka','','',1756995354371,1756995354373,0);
CREATE TABLE IF NOT EXISTS "transactions" (
	`id` integer PRIMARY KEY AUTOINCREMENT NOT NULL,
	`amount` real NOT NULL,
	`currencyId` integer NOT NULL,
	`description` text,
	`contact` integer,
	`createdAt` integer NOT NULL,
	`updatedAt` integer NOT NULL,
	`cancelled` integer DEFAULT false NOT NULL,
	FOREIGN KEY (`currencyId`) REFERENCES `currency`(`id`) ON UPDATE no action ON DELETE no action,
	FOREIGN KEY (`contact`) REFERENCES `contact`(`id`) ON UPDATE no action ON DELETE no action
);
INSERT INTO transactions VALUES(1,0.0,1,'Initial balance',1,1749260889279,1749260889279,0);
INSERT INTO transactions VALUES(2,-178.8000000000000113,2,'Initial USD Balance',1,1749262779000,1749262796824,0);
INSERT INTO transactions VALUES(3,0.0,1,'Initial balance',2,1749262815509,1749262815509,0);
INSERT INTO transactions VALUES(4,182.1200000000000045,2,'Nasiya ostatka',2,1749262779000,1749262833751,0);
INSERT INTO transactions VALUES(5,0.0,1,'Initial balance',3,1749262852362,1749262852362,0);
INSERT INTO transactions VALUES(6,2500000.0,1,'Initial Balance (2ta 100$)',3,1749262779000,1749262889506,0);
INSERT INTO transactions VALUES(7,-1000000.0,1,'Toshkent',3,1749262779000,1749263584493,1);
INSERT INTO transactions VALUES(8,1000000.0,1,'Toshkent',3,1749263586000,1749263599054,0);
INSERT INTO transactions VALUES(9,200.0,2,'Qurbonlikka qo''yga',3,1749263586000,1749263613773,0);
INSERT INTO transactions VALUES(10,0.0,1,'Initial balance',4,1749263640177,1749263640177,0);
INSERT INTO transactions VALUES(11,-1145000.0,1,'Iniital balance',4,1749263586000,1749263657606,0);
INSERT INTO transactions VALUES(12,-15.0,2,'Qarz',4,1749263586000,1749263667934,0);
INSERT INTO transactions VALUES(13,1449612.870000000111,1,'Initial SUM balance',2,1749243369000,1749286615020,0);
INSERT INTO transactions VALUES(14,-338990.0,1,'Initial So''m balance',1,1749243369000,1749286689797,0);
INSERT INTO transactions VALUES(15,0.0,1,'Initial balance',5,1749311442106,1749311442106,0);
INSERT INTO transactions VALUES(16,60000.0,1,'Titovga oshga xalpana',5,1749268221000,1749311458766,0);
INSERT INTO transactions VALUES(17,0.0,1,'Initial balance',6,1749532321881,1749532321881,0);
INSERT INTO transactions VALUES(18,50000.0,1,'',6,1749532303000,1749532328396,0);
INSERT INTO transactions VALUES(19,-98000.0,1,'',4,1749526865000,1749570072925,0);
INSERT INTO transactions VALUES(20,0.0,1,'Initial balance',7,1749655883949,1749655883949,0);
INSERT INTO transactions VALUES(21,-47.56000000000000227,2,'Intial balance',7,1749612658000,1749655916630,0);
INSERT INTO transactions VALUES(22,-700.0,2,'On VISA',7,1749612658000,1749655927890,0);
INSERT INTO transactions VALUES(23,-39.21999999999999887,2,'Nasiya payment',2,1749670164000,1749713380500,0);
INSERT INTO transactions VALUES(24,-1285874.0,1,'Initial balance',7,1749670211000,1749713457969,0);
INSERT INTO transactions VALUES(25,-3900000.0,1,'Kartaga',7,1749670282000,1749713495560,0);
INSERT INTO transactions VALUES(26,-50000.0,1,'',6,1749762418000,1749805625974,0);
INSERT INTO transactions VALUES(27,0.0,1,'Initial balance',8,1749951678849,1749951678849,0);
INSERT INTO transactions VALUES(28,-719000.0,1,'Initial balance',8,1749965621000,1749965648546,0);
INSERT INTO transactions VALUES(29,0.0,1,'Initial balance',9,1749965676373,1749965676373,0);
INSERT INTO transactions VALUES(30,2200000.0,1,'',9,1749965621000,1749965687846,0);
INSERT INTO transactions VALUES(31,0.0,1,'Initial balance',10,1749965810919,1749965810919,0);
INSERT INTO transactions VALUES(32,351000.0,1,'',10,1749965621000,1749965820362,0);
INSERT INTO transactions VALUES(33,0.0,1,'Initial balance',11,1749965835662,1749965835662,0);
INSERT INTO transactions VALUES(34,852750.0,1,'Initial balance',11,1749965621000,1749965848252,0);
INSERT INTO transactions VALUES(35,400000.0,1,'Na kartu',7,1749966783000,1749966794661,0);
INSERT INTO transactions VALUES(36,150000.0,1,'Kartaga',7,1750219771000,1750262995888,0);
INSERT INTO transactions VALUES(37,0.0,1,'Initial balance',12,1750314708703,1750314708703,0);
INSERT INTO transactions VALUES(38,130000.0,1,'Kartaga',12,1750314699000,1750314718368,0);
INSERT INTO transactions VALUES(39,60000.0,1,'Kartaga',7,1750392197000,1750435412651,0);
INSERT INTO transactions VALUES(40,0.0,1,'Initial balance',13,1750438667568,1750438667568,0);
INSERT INTO transactions VALUES(41,37000.0,1,'Starex',13,1750395443000,1750474254297,1);
INSERT INTO transactions VALUES(42,338990.0,1,'Dollarga almashtirgani',1,1750395443000,1750438852422,0);
INSERT INTO transactions VALUES(43,-32.00999999999999802,2,'So''mdan -> Dollarga',1,1750395443000,1750438869041,0);
INSERT INTO transactions VALUES(44,-130000.0,1,'',12,1750396235000,1750439473119,0);
INSERT INTO transactions VALUES(45,-192000.0,1,'Билет',7,1750396235000,1750473183193,1);
INSERT INTO transactions VALUES(46,192000.0,1,'Билет',7,1750473173000,1750473195503,0);
INSERT INTO transactions VALUES(47,30000.0,1,'starex',13,1750474246000,1750474265210,0);
INSERT INTO transactions VALUES(48,-30000.0,1,'Na kartu',13,1750474267000,1750486928077,0);
INSERT INTO transactions VALUES(49,400000.0,1,'Kartaga',7,1750542640000,1750585848718,0);
INSERT INTO transactions VALUES(50,100000.0,1,'3 кунга карз',6,1750705341000,1750748556408,0);
INSERT INTO transactions VALUES(51,-100000.0,1,'Возврат',6,1750705361000,1750774867148,0);
INSERT INTO transactions VALUES(52,-300.0,2,'From Koreya',7,1750808137000,1750851349151,0);
INSERT INTO transactions VALUES(53,-7000000.0,1,'Omonatga',7,1750808137000,1750851372067,0);
INSERT INTO transactions VALUES(54,2700000.0,1,'2-3 кунга',6,1750820509000,1750863724051,0);
INSERT INTO transactions VALUES(55,300000.0,1,'На карту',7,1750820509000,1750927434429,0);
INSERT INTO transactions VALUES(56,126200.0,1,'Конвертация в доллар',7,1750996647000,1750996664288,0);
INSERT INTO transactions VALUES(57,-10.0,2,'Конвертация в доллары',7,1750996647000,1750996675779,0);
INSERT INTO transactions VALUES(58,-250.0,2,'Конвертация в доллары',7,1750996684000,1750996764896,0);
INSERT INTO transactions VALUES(59,3155000.0,1,'Конвертация в доллары',7,1750996684000,1750996883044,0);
INSERT INTO transactions VALUES(60,1894500.0,1,'Конвертация в доллары',7,1750996684000,1750997072691,0);
INSERT INTO transactions VALUES(61,-150.0,2,'Конвертация в доллары',7,1750996684000,1750997087293,0);
INSERT INTO transactions VALUES(62,150000.0,1,'Na kartu',7,1751082418000,1751125636004,0);
INSERT INTO transactions VALUES(63,-100.0,2,'Накд',2,1751082418000,1751172213767,0);
INSERT INTO transactions VALUES(64,-100000.0,1,'Накд',1,1751156858000,1751200079791,0);
INSERT INTO transactions VALUES(65,-100.0,2,'Конвертация',7,1751156943000,1751200164180,0);
INSERT INTO transactions VALUES(66,1270000.0,1,'Конвертация',7,1751156943000,1751200176196,0);
INSERT INTO transactions VALUES(67,-200.0,2,'Kovertasiya',7,1751261123000,1751261136836,0);
INSERT INTO transactions VALUES(68,2540000.0,1,'Koncertasiya',7,1751261123000,1751261147640,0);
INSERT INTO transactions VALUES(69,100000.0,1,'kartaga',7,1751227415000,1751270625206,0);
INSERT INTO transactions VALUES(70,-2700000.0,1,'Vozvrat',6,1751227415000,1751271779137,0);
INSERT INTO transactions VALUES(71,0.0,1,'Initial balance',15,1751272405224,1751272405224,0);
INSERT INTO transactions VALUES(72,80.0,2,'',15,1748550781000,1751272428921,0);
INSERT INTO transactions VALUES(73,1148174.0,1,'Konvertasiya',7,1751239651000,1751283000151,1);
INSERT INTO transactions VALUES(74,1448174.0,1,'Konvertasiya',7,1751239803000,1751283017523,0);
INSERT INTO transactions VALUES(75,114.0,2,'Konvertasiya',7,1751239803000,1751283091481,1);
INSERT INTO transactions VALUES(76,-114.0,1,'Konvertasiya',7,1751239893000,1751283110041,1);
INSERT INTO transactions VALUES(77,-114.0,2,'Konvertasiya',7,1751239912000,1751283122716,0);
INSERT INTO transactions VALUES(78,-200.0,2,'На визу',7,1751324065000,1751367281103,0);
INSERT INTO transactions VALUES(79,900000.0,1,'Za kvartiru',7,1751437758000,1751437770515,0);
INSERT INTO transactions VALUES(80,300000.0,1,'Kartaga',7,1751507529000,1751550786408,0);
INSERT INTO transactions VALUES(81,500000.0,1,'Аренда',7,1751606572000,1751649784294,0);
INSERT INTO transactions VALUES(82,100000.0,1,'На карту',7,1751686163000,1751729374217,0);
INSERT INTO transactions VALUES(83,100000.0,1,'Na kartu',7,1751761778000,1751804987944,0);
INSERT INTO transactions VALUES(84,0.0,1,'Initial balance',16,1751886404008,1751886404008,0);
INSERT INTO transactions VALUES(85,-1272000.0,1,'Na kartu qarz',16,1751843181000,1751886420858,0);
INSERT INTO transactions VALUES(86,-68000.0,1,'Kartaga',3,1751844625000,1751887833612,0);
INSERT INTO transactions VALUES(87,-12000000.0,1,'Омонатга',7,1751940206000,1751983421209,0);
INSERT INTO transactions VALUES(88,2000.0,2,'Проект "Спасение 25К"',7,1751940206000,1751983447298,0);
INSERT INTO transactions VALUES(89,1000000.0,1,'Возврат долга',16,1751941750000,1751984961739,0);
INSERT INTO transactions VALUES(90,-673000.0,1,'Na kartu vozvrat',11,1752124087000,1752124109257,0);
INSERT INTO transactions VALUES(91,100000.0,1,'Накд бердим',1,1752125067000,1752125084451,0);
INSERT INTO transactions VALUES(92,-80.0,2,'',15,1752206894000,1752206907310,0);
INSERT INTO transactions VALUES(93,-20.0,2,'',2,1752206894000,1752206926917,0);
INSERT INTO transactions VALUES(94,272000.0,1,'10 chisla vernul',16,1752264470000,1752264481889,0);
INSERT INTO transactions VALUES(95,-12000.0,1,'Qaytim qopib ketgandi',3,1752264470000,1752264505196,0);
INSERT INTO transactions VALUES(96,-320000.0,1,'1 mln 300 - 100 dollar farqi',2,1752264589000,1752302544000,1);
INSERT INTO transactions VALUES(97,-32000.0,1,'100 dollar - 1.3mln',2,1752302541000,1752302561264,0);
INSERT INTO transactions VALUES(98,100000.0,1,'Qarzga',6,1752302563000,1752302715023,0);
INSERT INTO transactions VALUES(99,-2200000.0,1,'На карту',9,1751241826000,1752321864712,0);
INSERT INTO transactions VALUES(100,-100.0,2,'доллар накд',1,1751587656000,1752322084195,0);
INSERT INTO transactions VALUES(101,-180000.0,1,'qarz qaytraildi',11,1752468744000,1752468765321,0);
INSERT INTO transactions VALUES(102,0.0,1,'Initial balance',17,1752485516637,1752485516637,0);
INSERT INTO transactions VALUES(103,28600.0,1,'',17,1752010337000,1752485547541,0);
INSERT INTO transactions VALUES(104,-28600.0,1,'Transfered to Farline (Kamolxon) via Olimbek aka to Obed',17,1752010337000,1752485612570,0);
INSERT INTO transactions VALUES(105,400000.0,1,'Карз картага',6,1752725598000,1752725614327,0);
INSERT INTO transactions VALUES(106,100.0,2,'',2,1752990817000,1753034030422,0);
INSERT INTO transactions VALUES(107,2676500.0,1,'Kartadan ishlatildi',3,1753148620000,1753148634563,0);
INSERT INTO transactions VALUES(108,-200000.0,1,'2 marta 100dan naqd',1,1753164339000,1753207569038,0);
INSERT INTO transactions VALUES(109,-2800000.0,1,'Naqd',3,1753164339000,1753207586151,0);
INSERT INTO transactions VALUES(110,-15000.0,1,'Gubka Shyotka',8,1753307474000,1753350691395,0);
INSERT INTO transactions VALUES(111,-100000.0,1,'',1,1753506734000,1753506742084,0);
INSERT INTO transactions VALUES(112,-100000.0,1,'Naqd',1,1753493222000,1753536429288,0);
INSERT INTO transactions VALUES(113,42000.0,1,'Starex',13,1753493222000,1753536443126,0);
INSERT INTO transactions VALUES(114,-100.0,2,'',3,1753551090000,1753551124123,0);
INSERT INTO transactions VALUES(115,500.0,1,'Initial balance',18,1753551197105,1754025324460,1);
INSERT INTO transactions VALUES(116,-500.0,2,'Love',18,1753551090000,1754025323665,1);
INSERT INTO transactions VALUES(117,1000.0,2,'K',18,1753551090000,1754025322361,1);
INSERT INTO transactions VALUES(118,500.0,2,'',18,1753551260000,1754025325189,1);
INSERT INTO transactions VALUES(119,99000.0,1,'Вб',13,1753681768000,1753682046467,1);
INSERT INTO transactions VALUES(120,98900.0,1,'WB',13,1753682039000,1753682056160,0);
INSERT INTO transactions VALUES(121,100.0,1,'WB qaytim',1,1753682057000,1753682068307,0);
INSERT INTO transactions VALUES(122,200000.0,1,'На карту',7,1753669226000,1753712444766,0);
INSERT INTO transactions VALUES(123,1650000.0,1,'Картага',3,1753759637000,1753802849122,0);
INSERT INTO transactions VALUES(124,100000.0,1,'На карту',7,1753923170000,1753966381334,0);
INSERT INTO transactions VALUES(125,200000.0,1,'На карту',7,1753923170000,1753966392163,0);
INSERT INTO transactions VALUES(126,500000.0,1,'На карту',5,1753927055000,1753970271023,0);
INSERT INTO transactions VALUES(127,100000.0,1,'Ойлик олдиндан',1,1753927134000,1753970346377,0);
INSERT INTO transactions VALUES(128,0.0,1,'Initial balance',19,1754025294060,1754025294060,0);
INSERT INTO transactions VALUES(129,190000.0,1,'Obed',19,1754025277000,1754025302421,0);
INSERT INTO transactions VALUES(130,7000.0,1,'Starex',13,1754027413000,1754027423045,0);
INSERT INTO transactions VALUES(131,35000.0,1,'Bts',13,1754027413000,1754027470324,1);
INSERT INTO transactions VALUES(132,35000.0,1,'Bts',13,1754027467000,1754027476452,0);
INSERT INTO transactions VALUES(133,100000.0,1,'На карту',7,1754028620000,1754028628543,0);
INSERT INTO transactions VALUES(134,150000.0,1,'Картага',6,1753993437000,1754036651832,0);
INSERT INTO transactions VALUES(135,400000.0,1,'na kartu',7,1753998168000,1754041377497,0);
INSERT INTO transactions VALUES(136,2000000.0,1,'На карту',3,1754015294000,1754058503400,0);
INSERT INTO transactions VALUES(137,200000.0,1,'На карту',7,1754016978000,1754060186524,0);
INSERT INTO transactions VALUES(138,3000000.0,1,'На карту',7,1754019946000,1754063160811,0);
INSERT INTO transactions VALUES(139,-3840000.0,1,'На карту',3,1754083793000,1754083804471,0);
INSERT INTO transactions VALUES(140,-150000.0,1,'Картага ташашди',8,1754083793000,1754083878895,0);
INSERT INTO transactions VALUES(141,2000000.0,1,'На карту',9,1754102349000,1754102386485,0);
INSERT INTO transactions VALUES(142,-500000.0,1,'Ойлик',1,1754102490000,1754102506071,0);
INSERT INTO transactions VALUES(143,799900.0,1,'На карту',1,1754102490000,1754102518270,0);
INSERT INTO transactions VALUES(144,0.0,1,'Initial balance',20,1754127046425,1754127046425,0);
INSERT INTO transactions VALUES(145,1000000.0,1,'Kartaga',20,1754083810000,1754127060169,0);
INSERT INTO transactions VALUES(146,1000000.0,1,'Na kartu',7,1754094156000,1754137371599,0);
INSERT INTO transactions VALUES(147,-30000.0,1,'Накд',1,1754287357000,1754287371230,0);
INSERT INTO transactions VALUES(148,-35000.0,1,'Накл',13,1754287357000,1754287384713,0);
INSERT INTO transactions VALUES(149,-4000.0,1,'Taxi sdachi',19,1754270495000,1754313717077,0);
INSERT INTO transactions VALUES(150,-35000.0,1,'Naqd',13,1754368757000,1754368770652,0);
INSERT INTO transactions VALUES(151,1100000.0,1,'Na kartu',7,1754369286000,1754369301683,0);
INSERT INTO transactions VALUES(152,1800000.0,1,'kartaga bilet uchun VISAga tashash sharti bilan',7,1754345442000,1754388662144,0);
INSERT INTO transactions VALUES(153,-40000.0,1,'Командировочные',19,1754442211000,1754485432772,0);
INSERT INTO transactions VALUES(154,20000.0,1,'Обед 2та монти',19,1754442211000,1754485443224,0);
INSERT INTO transactions VALUES(155,-150000.0,1,'Naqd',1,1754453173000,1754496383138,0);
INSERT INTO transactions VALUES(156,150000.0,1,'Naqd',8,1754453229000,1754496438741,0);
INSERT INTO transactions VALUES(157,-30000.0,1,'Командировочный обед',19,1754511480000,1754554701490,0);
INSERT INTO transactions VALUES(158,-150000.0,1,'kartaga',6,1754608794000,1754652003704,0);
INSERT INTO transactions VALUES(159,-40000.0,1,'Naqd',1,1754719054000,1754719073065,0);
INSERT INTO transactions VALUES(160,-5290.0,1,'Flagmandan Ays Tea',17,1754856578000,1754899795479,0);
INSERT INTO transactions VALUES(161,-100000.0,1,'Qarzga kartaga',1,1754944934000,1754988149867,0);
INSERT INTO transactions VALUES(162,-2000000.0,1,'Na kartu',7,1754944934000,1754988158777,0);
INSERT INTO transactions VALUES(163,-100000.0,1,'Kartaga',1,1754969321000,1755012533103,0);
INSERT INTO transactions VALUES(164,-1000000.0,1,'На карту',20,1755055972000,1755055984439,0);
INSERT INTO transactions VALUES(165,5290.0,1,'Сувга',17,1755134849000,1755178058502,0);
INSERT INTO transactions VALUES(166,-28690.0,1,'3та товук + сув',17,1755134849000,1755178084970,0);
INSERT INTO transactions VALUES(167,28690.0,1,'Oplata',17,1755236425000,1755236435420,0);
INSERT INTO transactions VALUES(168,60000.0,1,'3дан кейин кеч',1,1755304394000,1755347606295,0);
INSERT INTO transactions VALUES(169,347000.0,1,'Курсга ту́лов',1,1755305622000,1757092591574,1);
INSERT INTO transactions VALUES(170,-560000.0,1,'Накд',5,1755305622000,1755348844361,0);
INSERT INTO transactions VALUES(171,125000.0,1,'Картага',12,1755463901000,1755507116054,0);
INSERT INTO transactions VALUES(172,-42500.0,1,'3та сомса + 2500 хизмат + 19 сув',17,1755571176000,1755614411284,0);
INSERT INTO transactions VALUES(173,-125000.0,1,'',12,1755665063000,1755665079177,0);
INSERT INTO transactions VALUES(174,-22000.0,1,'Obed',17,1755665063000,1755676018512,0);
INSERT INTO transactions VALUES(175,55000.0,1,'Накд',17,1755719484000,1755762717365,0);
INSERT INTO transactions VALUES(176,9500.0,1,'Картага',17,1755719484000,1755762818208,0);
INSERT INTO transactions VALUES(177,0.0,1,'Initial balance',21,1755843844015,1755843844015,0);
INSERT INTO transactions VALUES(178,-300000.0,1,'На карту',21,1755843802000,1755843858634,0);
INSERT INTO transactions VALUES(179,-180000.0,1,'Картага',13,1755828861000,1755872093776,0);
INSERT INTO transactions VALUES(180,200000.0,1,'На карту',7,1755828861000,1755872205563,0);
INSERT INTO transactions VALUES(181,-700000.0,1,'На карту',16,1755899873000,1755943087055,0);
INSERT INTO transactions VALUES(182,-400000.0,1,'Жиззахга бориб келиш',9,1755979769000,1756022986869,0);
INSERT INTO transactions VALUES(183,-30000.0,1,'95 (обед + патир)-65(курут)',9,1755999774000,1756043004543,0);
INSERT INTO transactions VALUES(184,-1570000.0,1,'Na kartu',9,1756072656000,1756115881269,0);
INSERT INTO transactions VALUES(185,1500000.0,1,'Na kartu',11,1756072763000,1756115979717,0);
INSERT INTO transactions VALUES(186,0.0,1,'Initial balance',22,1756196045341,1756196045341,0);
INSERT INTO transactions VALUES(187,-1100000.0,1,'Kartaga',22,1756072763000,1756196058189,0);
INSERT INTO transactions VALUES(188,1100000.0,1,'Kartaga',11,1756072763000,1756196067977,0);
INSERT INTO transactions VALUES(189,20000.0,1,'Коннектор',19,1756155651000,1756198877224,0);
INSERT INTO transactions VALUES(190,-98.8799999999999955,2,'1 226 500 сум. Курс 12 405',2,1756155651000,1756229054609,0);
INSERT INTO transactions VALUES(191,300000.0,1,'На карту',21,1756187763000,1756230980934,0);
INSERT INTO transactions VALUES(192,700000.0,1,'Kartaga',16,1756254086000,1756297300760,0);
INSERT INTO transactions VALUES(193,28000.0,1,'Бтс',1,1756338137000,1756381350155,0);
INSERT INTO transactions VALUES(194,-200000.0,1,'Накд',13,1756434032000,1756477243504,0);
INSERT INTO transactions VALUES(195,-20300.0,1,'На карту',16,1756498032000,1756541255031,0);
INSERT INTO transactions VALUES(196,-15000.0,1,'На карту',21,1756620344000,1756620355648,0);
INSERT INTO transactions VALUES(197,-75000.0,1,'Sorter',13,1756607355000,1756650576103,0);
INSERT INTO transactions VALUES(198,15000.0,1,'Кртага',21,1756607355000,1756651212652,0);
INSERT INTO transactions VALUES(199,20300.0,1,'Кртага',16,1756607355000,1756651220084,0);
INSERT INTO transactions VALUES(200,1100000.0,1,'kartaga',22,1756681515000,1756724735668,0);
INSERT INTO transactions VALUES(201,100000.0,1,'Kartaga',7,1756681586000,1756724809273,0);
INSERT INTO transactions VALUES(202,452700.0,1,'Kartaga',19,1756756273000,1756799485942,0);
INSERT INTO transactions VALUES(203,350000.0,1,'На карту',7,1756770301000,1756813512622,0);
INSERT INTO transactions VALUES(204,500000.0,1,'На карту',7,1756786916000,1756830127079,0);
INSERT INTO transactions VALUES(205,342100.0,1,'Kartaga',13,1756795595000,1756838840405,0);
INSERT INTO transactions VALUES(206,700000.0,1,'Na kartu',7,1756928495000,1756971711868,0);
INSERT INTO transactions VALUES(207,0.0,1,'Initial balance',23,1756995354414,1756995354414,0);
INSERT INTO transactions VALUES(208,-693.9600000000000363,1,'Soliq ostatka',23,1756952134000,1756995367573,0);
INSERT INTO transactions VALUES(209,925000.0,1,'На карту',7,1757043392000,1757043404812,0);
INSERT INTO transactions VALUES(210,-40000.0,1,'2та 20К накд',1,1757016537000,1757059755105,0);
INSERT INTO transactions VALUES(211,372000.0,1,'Картага',1,1757049505000,1757092713937,0);
INSERT INTO transactions VALUES(212,-150000.0,1,'Dilafruz opadan',8,1757117912000,1757161128933,0);
INSERT INTO transactions VALUES(213,-70000.0,1,'Kartaga',1,1757126511000,1757169723502,0);
INSERT INTO transactions VALUES(214,-12000.0,1,'Naqd',1,1757189801000,1757233011735,0);
INSERT INTO transactions VALUES(215,-100000.0,1,'Kartaga',1,1757212381000,1757255591679,0);
INSERT INTO transactions VALUES(216,150000.0,1,'',8,1757313679000,1757313687323,0);
INSERT INTO transactions VALUES(217,50000.0,1,'Kartaga',7,1757313679000,1757313702208,0);
INSERT INTO transactions VALUES(218,-50000.0,1,'Naqd',19,1757369286000,1757412502859,0);
INSERT INTO transactions VALUES(219,-18000.0,1,'Qaytim ortdi',3,1757369286000,1757412521250,0);
INSERT INTO transactions VALUES(220,-26000.0,1,'Qaytim',3,1757369286000,1757412535011,0);
INSERT INTO transactions VALUES(221,-5000000.0,1,'Kartaga',7,1757374746000,1757417954237,0);
INSERT INTO transactions VALUES(222,2488000.0,1,'Order to money send executed',7,1757376645000,1757419865315,0);
INSERT INTO transactions VALUES(223,300000.0,1,'Kartaga',7,1757559505000,1757559516408,0);
INSERT INTO transactions VALUES(224,-100.0,2,'from history',8,1757563297000,1757606658447,0);
INSERT INTO transactions VALUES(225,100.0,2,'To SUM = 1 233 000',8,1757563297000,1757606775015,0);
INSERT INTO transactions VALUES(226,-1233000.0,1,'From $100',8,1757563297000,1757606787032,0);
INSERT INTO transactions VALUES(227,1000000.0,1,'На карту',3,1757715752000,1757758974045,0);
INSERT INTO transactions VALUES(228,-300.0,2,'Накд -> карта',8,1757914453000,1757914480835,0);
INSERT INTO transactions VALUES(229,2495000.0,1,'200$ аямга',7,1757914453000,1757914588307,0);
INSERT INTO transactions VALUES(230,-2495000.0,1,'Дониёрдан',8,1757914607000,1757914622094,0);
INSERT INTO transactions VALUES(231,-1250000.0,1,'naqd',8,1758005984000,1758005997801,0);
INSERT INTO transactions VALUES(232,-100.0,2,'naqd',8,1758005984000,1758006009008,0);
INSERT INTO transactions VALUES(233,-558700.0,1,'Naqd',19,1758005984000,1758006043644,0);
INSERT INTO transactions VALUES(234,-1941300.0,1,'Naqd',3,1758005984000,1758006054012,0);
INSERT INTO transactions VALUES(235,-4970400.0,1,'USD -> UZS',8,1757962964000,1758006183467,0);
INSERT INTO transactions VALUES(236,400.0,2,'USD -> UZS',8,1757962964000,1758006196788,0);
INSERT INTO transactions VALUES(237,100000.0,1,'На карту',7,1758076623000,1758119835935,0);
INSERT INTO transactions VALUES(238,50000.0,1,'На карту',7,1758176225000,1758176265604,0);
INSERT INTO transactions VALUES(239,300000.0,1,'na kartu za pijami',1,1758144332000,1758187546702,0);
INSERT INTO transactions VALUES(240,2000000.0,1,'Накд',3,1758167414000,1758210623223,0);
INSERT INTO transactions VALUES(241,1000000.0,1,'kartaga',3,1758259871000,1758259881153,0);
INSERT INTO transactions VALUES(242,200000.0,1,'Картага',6,1758226755000,1758269971087,0);
INSERT INTO transactions VALUES(243,50000.0,1,'На карту',7,1758228738000,1758271946765,0);
INSERT INTO transactions VALUES(244,38000.0,1,'Бтс почта',1,1758600584000,1758600607316,0);
INSERT INTO transactions VALUES(245,200000.0,1,'kartaga tog''amga',3,1758582714000,1758625928144,0);
INSERT INTO transactions VALUES(246,-87000.0,1,'qarz',21,1758583965000,1758627178648,0);
INSERT INTO transactions VALUES(247,300.0,2,'',3,1758583965000,1758627593779,0);
INSERT INTO transactions VALUES(248,-300.0,2,'naqd',3,1758781007000,1758824223923,0);
INSERT INTO transactions VALUES(249,-200000.0,1,'300$ ichida',3,1758781007000,1758824233367,0);
INSERT INTO transactions VALUES(250,200.0,2,'naqd',1,1758781038000,1759379419778,1);
INSERT INTO transactions VALUES(251,300000.0,1,'Kartaga',2,1758934301000,1758977514492,0);
INSERT INTO transactions VALUES(252,86000.0,1,'Na kartu',7,1759102446000,1759145667314,0);
INSERT INTO transactions VALUES(253,300000.0,1,'На карту',7,1759211345000,1759211364076,0);
INSERT INTO transactions VALUES(254,87000.0,1,'Возврат долгов',21,1759211345000,1759211416264,0);
INSERT INTO transactions VALUES(255,-40000.0,1,'Накд',1,1759379404000,1759379415065,0);
INSERT INTO transactions VALUES(256,200000.0,1,'kartaga',6,1759357910000,1759401120225,0);
INSERT INTO transactions VALUES(257,200000.0,1,'Kartaga',7,1759522685000,1759565898667,0);
INSERT INTO transactions VALUES(258,200000.0,1,'Kartaga',7,1759522685000,1759565905165,0);
INSERT INTO transactions VALUES(259,2000000.0,1,'Картага',7,1759714533000,1759757750614,0);
INSERT INTO transactions VALUES(260,1000000.0,1,'Картага',9,1759714533000,1759757762813,0);
INSERT INTO transactions VALUES(261,2200000.0,1,'Naqd',8,1759714533000,1759808249165,0);
INSERT INTO transactions VALUES(262,-1000.0,1,'Чойга 5000 вместо 4000',19,1759867611000,1759910830631,0);
INSERT INTO transactions VALUES(263,-47000.0,1,'obeddan qaytim',19,1760056528000,1760099750329,0);
INSERT INTO transactions VALUES(264,-40000.0,1,'Картага',1,1760246057000,1760289281168,0);
INSERT INTO transactions VALUES(265,-100000.0,1,'Картага',13,1760246057000,1760289468131,0);
INSERT INTO transactions VALUES(266,-2500000.0,1,'kartaga',7,1760402736000,1760445949566,0);
INSERT INTO transactions VALUES(267,693.9600000000000363,1,'',23,1760491220000,1760537231667,0);
INSERT INTO transactions VALUES(268,2444000.0,1,'Бунёд картасига',7,1760494045000,1760537258786,0);
INSERT INTO sqlite_sequence VALUES('contact',23);
INSERT INTO sqlite_sequence VALUES('currency',2);
INSERT INTO sqlite_sequence VALUES('transactions',268);
